2024-10-24,"{""total_nutrition"": {""calories"": 390, ""protein"": 36, ""carbs"": 27, ""fats"": 0}, ""meals"": [{""meal_number"": 1, ""foods"": [{""name"": ""Greek Yogurt"", ""portion"": ""175g""}], ""nutrition"": {""calories"": 130, ""protein"": 12, ""carbs"": 9, ""fats"": 0}}, {""meal_number"": 2, ""foods"": [{""name"": ""Greek Yogurt"", ""portion"": ""175g""}], ""nutrition"": {""calories"": 130, ""protein"": 12, ""carbs"": 9, ""fats"": 0}}, {""meal_number"": 3, ""foods"": [{""name"": ""Greek Yogurt"", ""portion"": ""175g""}], ""nutrition"": {""calories"": 130, ""protein"": 12, ""carbs"": 9, ""fats"": 0}}]}"
2024-10-24,"{""total_nutrition"": {""calories"": 440, ""protein"": 37, ""carbs"": 10, ""fats"": 21}, ""meals"": [{""meal_number"": 1, ""foods"": [{""name"": ""Greek Yogurt"", ""portion"": ""175g""}], ""nutrition"": {""calories"": 130, ""protein"": 12, ""carbs"": 9, ""fats"": 0}}, {""meal_number"": 2, ""foods"": [{""name"": ""Eggs"", ""portion"": ""2 large""}], ""nutrition"": {""calories"": 155, ""protein"": 13, ""carbs"": 1, ""fats"": 11}}, {""meal_number"": 3, ""foods"": [{""name"": ""Eggs"", ""portion"": ""2 large""}], ""nutrition"": {""calories"": 155, ""protein"": 13, ""carbs"": 1, ""fats"": 11}}]}"
2024-10-25,"{""total_nutrition"": {""calories"": 3255, ""protein"": 189, ""carbs"": 230, ""fats"": 198}, ""meals"": [{""meal_number"": 1, ""foods"": [{""name"": ""Tempeh"", ""portion"": ""100g""}, {""name"": ""Sweet Potato"", ""portion"": ""100g baked""}, {""name"": ""Kimchi"", ""portion"": ""100g""}, {""name"": ""Sauerkraut"", ""portion"": ""100g""}, {""name"": ""Walnuts"", ""portion"": ""100g""}], ""nutrition"": {""calories"": 966, ""protein"": 39, ""carbs"": 48, ""fats"": 77}}, {""meal_number"": 2, ""foods"": [{""name"": ""Firm Tofu"", ""portion"": ""100g""}, {""name"": ""Wild Rice"", ""portion"": ""100g cooked""}, {""name"": ""Bell Peppers"", ""portion"": ""100g""}, {""name"": ""Bell Peppers"", ""portion"": ""100g""}, {""name"": ""Flax Seeds"", ""portion"": ""100g""}], ""nutrition"": {""calories"": 841, ""protein"": 40, ""carbs"": 65, ""fats"": 52}}, {""meal_number"": 3, ""foods"": [{""name"": ""Lentils (red)"", ""portion"": ""100g cooked""}, {""name"": ""Buckwheat"", ""portion"": ""100g cooked""}, {""name"": ""Sauerkraut"", ""portion"": ""100g""}, {""name"": ""Butternut Squash"", ""portion"": ""100g""}, {""name"": ""Walnuts"", ""portion"": ""100g""}], ""nutrition"": {""calories"": 926, ""protein"": 30, ""carbs"": 70, ""fats"": 66}}, {""meal_number"": 4, ""foods"": [{""name"": ""Seitan"", ""portion"": ""100g""}, {""name"": ""Buckwheat"", ""portion"": ""100g cooked""}, {""name"": ""Kimchi"", ""portion"": ""100g""}, {""name"": ""Butternut Squash"", ""portion"": ""100g""}], ""nutrition"": {""calories"": 522, ""protein"": 80, ""carbs"": 48, ""fats"": 3}}]}"
2024-11-04,"{""total_nutrition"": {""calories"": 525, ""protein"": 64, ""carbs"": 37, ""fats"": 16}, ""meals"": [{""meal_number"": 1, ""foods"": [{""name"": ""Cottage Cheese (1%)"", ""portion"": ""100g""}], ""nutrition"": {""calories"": 72, ""protein"": 12, ""carbs"": 3, ""fats"": 1}}, {""meal_number"": 2, ""foods"": [{""name"": ""Greek Yogurt (2%)"", ""portion"": ""100g""}], ""nutrition"": {""calories"": 73, ""protein"": 10, ""carbs"": 4, ""fats"": 2}}, {""meal_number"": 3, ""foods"": [{""name"": ""Lentils (red)"", ""portion"": ""100g cooked""}], ""nutrition"": {""calories"": 116, ""protein"": 9, ""carbs"": 20, ""fats"": 0}}, {""meal_number"": 4, ""foods"": [{""name"": ""Tempeh"", ""portion"": ""100g""}], ""nutrition"": {""calories"": 192, ""protein"": 20, ""carbs"": 8, ""fats"": 11}}, {""meal_number"": 5, ""foods"": [{""name"": ""Cottage Cheese (1%)"", ""portion"": ""100g""}], ""nutrition"": {""calories"": 72, ""protein"": 12, ""carbs"": 3, ""fats"": 1}}]}"
2024-11-13,"{""total_nutrition"": {""calories"": 1691, ""protein"": 142, ""carbs"": 219, ""fats"": 22}, ""meals"": [{""meal_number"": 1, ""foods"": [{""name"": ""Seitan"", ""portion"": ""100g""}, {""name"": ""Ezekiel Bread"", ""portion"": ""100g""}, {""name"": ""Zucchini"", ""portion"": ""100g""}, {""name"": ""Broccoli"", ""portion"": ""100g""}], ""nutrition"": {""calories"": 682, ""protein"": 88, ""carbs"": 64, ""fats"": 3}}, {""meal_number"": 2, ""foods"": [{""name"": ""Lentils (red)"", ""portion"": ""100g cooked""}, {""name"": ""Ezekiel Bread"", ""portion"": ""100g""}, {""name"": ""Sauerkraut"", ""portion"": ""100g""}, {""name"": ""Spinach (raw)"", ""portion"": ""100g""}], ""nutrition"": {""calories"": 398, ""protein"": 21, ""carbs"": 64, ""fats"": 2}}, {""meal_number"": 3, ""foods"": [{""name"": ""Firm Tofu"", ""portion"": ""100g""}, {""name"": ""Steel-Cut Oats"", ""portion"": ""100g dry""}, {""name"": ""Bell Peppers"", ""portion"": ""100g""}, {""name"": ""Corn"", ""portion"": ""100g""}], ""nutrition"": {""calories"": 611, ""protein"": 33, ""carbs"": 90, ""fats"": 17}}]}"
2024-11-13,"{""total_nutrition"": {""calories"": 2726, ""protein"": 128, ""carbs"": 222, ""fats"": 169}, ""meals"": [{""meal_number"": 1, ""foods"": [{""name"": ""Firm Tofu"", ""portion"": ""100g""}, {""name"": ""Quinoa"", ""portion"": ""100g cooked""}, {""name"": ""Butternut Squash"", ""portion"": ""100g""}, {""name"": ""Corn"", ""portion"": ""100g""}, {""name"": ""Pumpkin Seeds"", ""portion"": ""100g""}], ""nutrition"": {""calories"": 954, ""protein"": 54, ""carbs"": 66, ""fats"": 61}}, {""meal_number"": 2, ""foods"": [{""name"": ""Firm Tofu"", ""portion"": ""100g""}, {""name"": ""Brown Rice"", ""portion"": ""100g cooked""}, {""name"": ""Kale (raw)"", ""portion"": ""100g""}, {""name"": ""Broccoli"", ""portion"": ""100g""}, {""name"": ""Chia Seeds"", ""portion"": ""100g""}], ""nutrition"": {""calories"": 846, ""protein"": 43, ""carbs"": 89, ""fats"": 42}}, {""meal_number"": 3, ""foods"": [{""name"": ""Lentils (red)"", ""portion"": ""100g cooked""}, {""name"": ""Sweet Potato"", ""portion"": ""100g baked""}, {""name"": ""Broccoli"", ""portion"": ""100g""}, {""name"": ""Kimchi"", ""portion"": ""100g""}, {""name"": ""Walnuts"", ""portion"": ""100g""}], ""nutrition"": {""calories"": 926, ""protein"": 31, ""carbs"": 67, ""fats"": 66}}]}"
2024-12-04,"{""total_nutrition"": {""calories"": 3217, ""protein"": 114, ""carbs"": 183, ""fats"": 240}, ""meals"": [{""meal_number"": 1, ""foods"": [{""name"": ""Chickpeas"", ""portion"": ""100g cooked""}, {""name"": ""Buckwheat"", ""portion"": ""100g cooked""}, {""name"": ""Zucchini"", ""portion"": ""100g""}, {""name"": ""Zucchini"", ""portion"": ""100g""}, {""name"": ""Pumpkin Seeds"", ""portion"": ""100g""}], ""nutrition"": {""calories"": 849, ""protein"": 45, ""carbs"": 64, ""fats"": 53}}, {""meal_number"": 2, ""foods"": [{""name"": ""Tempeh"", ""portion"": ""100g""}, {""name"": ""Ezekiel Bread"", ""portion"": ""100g""}, {""name"": ""Zucchini"", ""portion"": ""100g""}, {""name"": ""Butternut Squash"", ""portion"": ""100g""}, {""name"": ""Walnuts"", ""portion"": ""100g""}], ""nutrition"": {""calories"": 1148, ""protein"": 46, ""carbs"": 72, ""fats"": 77}}, {""meal_number"": 3, ""foods"": [{""name"": ""Firm Tofu"", ""portion"": ""100g""}, {""name"": ""Buckwheat"", ""portion"": ""100g cooked""}, {""name"": ""Butternut Squash"", ""portion"": ""100g""}, {""name"": ""Broccoli"", ""portion"": ""100g""}, {""name"": ""Olive Oil"", ""portion"": ""100g""}], ""nutrition"": {""calories"": 1220, ""protein"": 24, ""carbs"": 46, ""fats"": 110}}]}"
